"MISURA1","Misura","PROBL_ZONRES","Presenza di problemi nella zona di residenza","ABITAZ_TITGOD","Titolo di godimento della abitazione","QUINTO","Quinto di reddito equivalente","TIME","Seleziona periodo","Value","Flag Codes","Flags"
"10","valori per cento","1","inquinamento","99","totale","9","totale","2004","2004",23,,
"10","valori per cento","1","inquinamento","99","totale","9","totale","2012","2012",17,,
"10","valori per cento","1","inquinamento","99","totale","9","totale","2022","2022",12.4,,
"10","valori per cento","2","rumori","99","totale","9","totale","2004","2004",27,,
"10","valori per cento","2","rumori","99","totale","9","totale","2012","2012",18,,
"10","valori per cento","2","rumori","99","totale","9","totale","2022","2022",12.8,,
"10","valori per cento","3","criminalità","99","totale","9","totale","2004","2004",15.2,,
"10","valori per cento","3","criminalità","99","totale","9","totale","2012","2012",14.8,,
"10","valori per cento","3","criminalità","99","totale","9","totale","2022","2022",7.3,,
